{
  "metadata": {
    "name": "Water Filtration Plant Delivery System",
    "version": "1.0.0",
    "description": "Design tokens for Water Filtration Plant delivery management application",
    "author": "Design System Team",
    "lastUpdated": "2025-11-09"
  },
  "colors": {
    "primary": {
      "blue": {
        "value": "#1E88E5",
        "type": "color",
        "description": "Primary blue for buttons, links, and highlights"
      },
      "blueHover": {
        "value": "#1976D2",
        "type": "color",
        "description": "Hover state for primary blue"
      },
      "blueLight": {
        "value": "#E3F2FD",
        "type": "color",
        "description": "Light blue for backgrounds and badges"
      }
    },
    "secondary": {
      "teal": {
        "value": "#26A69A",
        "type": "color",
        "description": "Secondary teal for accents and icons"
      },
      "tealHover": {
        "value": "#2E7D72",
        "type": "color",
        "description": "Hover state for secondary teal"
      },
      "tealLight": {
        "value": "#E0F2F1",
        "type": "color",
        "description": "Light teal for backgrounds"
      }
    },
    "neutral": {
      "lightGray": {
        "value": "#F5F7FA",
        "type": "color",
        "description": "Light gray for page backgrounds and panels"
      },
      "borderGray": {
        "value": "#E0E0E0",
        "type": "color",
        "description": "Gray for borders and dividers"
      },
      "mediumGray": {
        "value": "#607D8B",
        "type": "color",
        "description": "Medium gray for secondary text and labels"
      },
      "darkGray": {
        "value": "#37474F",
        "type": "color",
        "description": "Dark gray for primary text and headings"
      },
      "white": {
        "value": "#FFFFFF",
        "type": "color",
        "description": "White for card backgrounds"
      },
      "black": {
        "value": "#000000",
        "type": "color",
        "description": "Pure black (use sparingly)"
      }
    },
    "status": {
      "success": {
        "value": "#43A047",
        "type": "color",
        "description": "Success green for delivered status and confirmations"
      },
      "successLight": {
        "value": "#E8F5E9",
        "type": "color",
        "description": "Light green for success backgrounds"
      },
      "error": {
        "value": "#E53935",
        "type": "color",
        "description": "Error red for alerts and validation"
      },
      "errorLight": {
        "value": "#FFEBEE",
        "type": "color",
        "description": "Light red for error backgrounds"
      },
      "warning": {
        "value": "#FFCA28",
        "type": "color",
        "description": "Warning yellow for pending status and notifications"
      },
      "warningLight": {
        "value": "#FFF9E6",
        "type": "color",
        "description": "Light yellow for warning backgrounds"
      },
      "warningDark": {
        "value": "#F57F17",
        "type": "color",
        "description": "Dark yellow for warning text (better contrast)"
      },
      "warningOrange": {
        "value": "#FB8C00",
        "type": "color",
        "description": "Orange for urgent warnings"
      },
      "info": {
        "value": "#1E88E5",
        "type": "color",
        "description": "Info blue for informational messages"
      }
    },
    "semantic": {
      "pending": {
        "value": "#FFCA28",
        "type": "color",
        "description": "Pending order status"
      },
      "assigned": {
        "value": "#1E88E5",
        "type": "color",
        "description": "Assigned order status"
      },
      "delivered": {
        "value": "#43A047",
        "type": "color",
        "description": "Delivered order status"
      },
      "cancelled": {
        "value": "#E53935",
        "type": "color",
        "description": "Cancelled order status"
      }
    }
  },
  "typography": {
    "fontFamily": {
      "primary": {
        "value": "Inter, -apple-system, BlinkMacSystemFont, 'Segoe UI', sans-serif",
        "type": "fontFamily",
        "description": "Primary font stack"
      }
    },
    "fontSize": {
      "h1": {
        "value": "32px",
        "type": "fontSize",
        "description": "Heading 1 - Page titles"
      },
      "h2": {
        "value": "24px",
        "type": "fontSize",
        "description": "Heading 2 - Section headers"
      },
      "h3": {
        "value": "20px",
        "type": "fontSize",
        "description": "Heading 3 - Subsection headers"
      },
      "h4": {
        "value": "18px",
        "type": "fontSize",
        "description": "Heading 4 - Minor headings"
      },
      "body": {
        "value": "16px",
        "type": "fontSize",
        "description": "Body text, paragraphs, labels"
      },
      "small": {
        "value": "14px",
        "type": "fontSize",
        "description": "Small text, helper text, table cells"
      },
      "button": {
        "value": "14px",
        "type": "fontSize",
        "description": "Button text"
      },
      "caption": {
        "value": "12px",
        "type": "fontSize",
        "description": "Caption text, metadata, timestamps"
      }
    },
    "fontWeight": {
      "regular": {
        "value": 400,
        "type": "fontWeight",
        "description": "Regular weight for body text"
      },
      "medium": {
        "value": 500,
        "type": "fontWeight",
        "description": "Medium weight for labels and buttons"
      },
      "semibold": {
        "value": 600,
        "type": "fontWeight",
        "description": "Semi-bold weight for headings"
      },
      "bold": {
        "value": 700,
        "type": "fontWeight",
        "description": "Bold weight for emphasis"
      }
    },
    "lineHeight": {
      "tight": {
        "value": 1.25,
        "type": "lineHeight",
        "description": "Tight line height for headings"
      },
      "normal": {
        "value": 1.5,
        "type": "lineHeight",
        "description": "Normal line height for body text"
      },
      "relaxed": {
        "value": 1.75,
        "type": "lineHeight",
        "description": "Relaxed line height for long-form content"
      }
    }
  },
  "spacing": {
    "0": {
      "value": "0px",
      "type": "spacing",
      "description": "No spacing"
    },
    "1": {
      "value": "4px",
      "type": "spacing",
      "description": "0.5x base unit (minimal gaps)"
    },
    "2": {
      "value": "8px",
      "type": "spacing",
      "description": "1x base unit"
    },
    "3": {
      "value": "12px",
      "type": "spacing",
      "description": "1.5x base unit"
    },
    "4": {
      "value": "16px",
      "type": "spacing",
      "description": "2x base unit (standard padding)"
    },
    "5": {
      "value": "20px",
      "type": "spacing",
      "description": "2.5x base unit"
    },
    "6": {
      "value": "24px",
      "type": "spacing",
      "description": "3x base unit (card padding)"
    },
    "8": {
      "value": "32px",
      "type": "spacing",
      "description": "4x base unit (section spacing)"
    },
    "10": {
      "value": "40px",
      "type": "spacing",
      "description": "5x base unit"
    },
    "12": {
      "value": "48px",
      "type": "spacing",
      "description": "6x base unit (large gaps)"
    },
    "16": {
      "value": "64px",
      "type": "spacing",
      "description": "8x base unit (page margins)"
    },
    "20": {
      "value": "80px",
      "type": "spacing",
      "description": "10x base unit (extra large spacing)"
    }
  },
  "borderRadius": {
    "sm": {
      "value": "4px",
      "type": "borderRadius",
      "description": "Small radius for buttons and badges"
    },
    "md": {
      "value": "8px",
      "type": "borderRadius",
      "description": "Default radius for most components"
    },
    "lg": {
      "value": "12px",
      "type": "borderRadius",
      "description": "Large radius for cards and panels"
    },
    "xl": {
      "value": "16px",
      "type": "borderRadius",
      "description": "Extra large radius for large components"
    },
    "full": {
      "value": "9999px",
      "type": "borderRadius",
      "description": "Full radius for pills and circular elements"
    }
  },
  "shadows": {
    "xs": {
      "value": "0 1px 2px 0 rgba(0, 0, 0, 0.05)",
      "type": "boxShadow",
      "description": "Extra small shadow - minimal depth"
    },
    "sm": {
      "value": "0 1px 3px 0 rgba(0, 0, 0, 0.1), 0 1px 2px -1px rgba(0, 0, 0, 0.1)",
      "type": "boxShadow",
      "description": "Small shadow - buttons, small cards"
    },
    "md": {
      "value": "0 4px 6px -1px rgba(0, 0, 0, 0.1), 0 2px 4px -2px rgba(0, 0, 0, 0.1)",
      "type": "boxShadow",
      "description": "Medium shadow - cards, dropdowns"
    },
    "lg": {
      "value": "0 10px 15px -3px rgba(0, 0, 0, 0.1), 0 4px 6px -4px rgba(0, 0, 0, 0.1)",
      "type": "boxShadow",
      "description": "Large shadow - modals, floating panels"
    },
    "xl": {
      "value": "0 20px 25px -5px rgba(0, 0, 0, 0.1), 0 8px 10px -6px rgba(0, 0, 0, 0.1)",
      "type": "boxShadow",
      "description": "Extra large shadow - major overlays"
    }
  },
  "components": {
    "button": {
      "paddingX": {
        "value": "16px",
        "type": "spacing",
        "description": "Horizontal padding for buttons"
      },
      "paddingY": {
        "value": "8px",
        "type": "spacing",
        "description": "Vertical padding for buttons"
      },
      "borderRadius": {
        "value": "8px",
        "type": "borderRadius",
        "description": "Border radius for buttons"
      },
      "shadow": {
        "value": "0 1px 3px 0 rgba(0, 0, 0, 0.1), 0 1px 2px -1px rgba(0, 0, 0, 0.1)",
        "type": "boxShadow",
        "description": "Default button shadow"
      }
    },
    "input": {
      "paddingX": {
        "value": "12px",
        "type": "spacing",
        "description": "Horizontal padding for inputs"
      },
      "paddingY": {
        "value": "8px",
        "type": "spacing",
        "description": "Vertical padding for inputs"
      },
      "borderRadius": {
        "value": "8px",
        "type": "borderRadius",
        "description": "Border radius for inputs"
      },
      "borderWidth": {
        "value": "1px",
        "type": "borderWidth",
        "description": "Border width for inputs"
      },
      "borderColor": {
        "value": "#E0E0E0",
        "type": "color",
        "description": "Default input border color"
      },
      "focusRing": {
        "value": "0 0 0 3px rgba(30, 136, 229, 0.1)",
        "type": "boxShadow",
        "description": "Focus ring for inputs"
      }
    },
    "card": {
      "padding": {
        "value": "24px",
        "type": "spacing",
        "description": "Default card padding"
      },
      "borderRadius": {
        "value": "12px",
        "type": "borderRadius",
        "description": "Border radius for cards"
      },
      "shadow": {
        "value": "0 4px 6px -1px rgba(0, 0, 0, 0.1), 0 2px 4px -2px rgba(0, 0, 0, 0.1)",
        "type": "boxShadow",
        "description": "Default card shadow"
      },
      "backgroundColor": {
        "value": "#FFFFFF",
        "type": "color",
        "description": "Card background color"
      }
    },
    "badge": {
      "paddingX": {
        "value": "12px",
        "type": "spacing",
        "description": "Horizontal padding for badges"
      },
      "paddingY": {
        "value": "4px",
        "type": "spacing",
        "description": "Vertical padding for badges"
      },
      "borderRadius": {
        "value": "9999px",
        "type": "borderRadius",
        "description": "Border radius for badges (pill shape)"
      },
      "fontSize": {
        "value": "14px",
        "type": "fontSize",
        "description": "Font size for badges"
      },
      "fontWeight": {
        "value": 500,
        "type": "fontWeight",
        "description": "Font weight for badges"
      }
    },
    "navbar": {
      "height": {
        "value": "64px",
        "type": "sizing",
        "description": "Standard navbar height"
      },
      "padding": {
        "value": "16px",
        "type": "spacing",
        "description": "Navbar padding"
      },
      "backgroundColor": {
        "value": "#FFFFFF",
        "type": "color",
        "description": "Navbar background color"
      },
      "borderColor": {
        "value": "#E0E0E0",
        "type": "color",
        "description": "Navbar border color"
      },
      "shadow": {
        "value": "0 1px 3px 0 rgba(0, 0, 0, 0.1), 0 1px 2px -1px rgba(0, 0, 0, 0.1)",
        "type": "boxShadow",
        "description": "Navbar shadow"
      }
    }
  },
  "breakpoints": {
    "sm": {
      "value": "640px",
      "type": "breakpoint",
      "description": "Small devices (tablets)"
    },
    "md": {
      "value": "768px",
      "type": "breakpoint",
      "description": "Medium devices (tablets landscape)"
    },
    "lg": {
      "value": "1024px",
      "type": "breakpoint",
      "description": "Large devices (laptops)"
    },
    "xl": {
      "value": "1280px",
      "type": "breakpoint",
      "description": "Extra large devices (desktops)"
    },
    "2xl": {
      "value": "1536px",
      "type": "breakpoint",
      "description": "2X extra large devices (large desktops)"
    }
  },
  "animation": {
    "duration": {
      "fast": {
        "value": "150ms",
        "type": "duration",
        "description": "Fast transitions"
      },
      "normal": {
        "value": "200ms",
        "type": "duration",
        "description": "Normal transitions"
      },
      "slow": {
        "value": "300ms",
        "type": "duration",
        "description": "Slow transitions"
      }
    },
    "easing": {
      "easeInOut": {
        "value": "cubic-bezier(0.4, 0, 0.2, 1)",
        "type": "cubicBezier",
        "description": "Ease in-out timing function"
      },
      "easeOut": {
        "value": "cubic-bezier(0, 0, 0.2, 1)",
        "type": "cubicBezier",
        "description": "Ease out timing function"
      },
      "easeIn": {
        "value": "cubic-bezier(0.4, 0, 1, 1)",
        "type": "cubicBezier",
        "description": "Ease in timing function"
      }
    }
  },
  "zIndex": {
    "base": {
      "value": 0,
      "type": "zIndex",
      "description": "Base z-index"
    },
    "dropdown": {
      "value": 10,
      "type": "zIndex",
      "description": "Dropdown menus"
    },
    "sticky": {
      "value": 20,
      "type": "zIndex",
      "description": "Sticky elements"
    },
    "modal": {
      "value": 50,
      "type": "zIndex",
      "description": "Modal dialogs"
    },
    "tooltip": {
      "value": 60,
      "type": "zIndex",
      "description": "Tooltips"
    },
    "toast": {
      "value": 70,
      "type": "zIndex",
      "description": "Toast notifications"
    }
  }
}
